{"vocabulary": {"congratulations": 5, "you": 18, "have": 10, "free": 7, "prize": 15, "click": 4, "here": 11, "claim": 3, "your": 19, "reward": 16, "now": 14, "account": 0, "has": 9, "been": 2, "hacked": 8, "send": 17, "credentials": 6, "hi": 12, "how": 13, "are": 1}, "idf_values": [1.916290731874155, 1.916290731874155, 1.916290731874155, 1.916290731874155, 1.916290731874155, 1.916290731874155, 1.916290731874155, 1.916290731874155, 1.916290731874155, 1.916290731874155, 1.916290731874155, 1.916290731874155, 1.916290731874155, 1.916290731874155, 1.916290731874155, 1.916290731874155, 1.916290731874155, 1.916290731874155, 1.5108256237659907, 1.5108256237659907]}